{
    "menuPrimary": {
        "menu_1": [
            {
                "text": "Home",
                "url": "/",
                "extraClass": "menu-item-has-children",
                "subClass": "sub-menu",
                "subMenu": [
                    {
                        "text": "Marketplace Full Width",
                        "url": "/"
                    },
                    {
                        "text": "Home Auto Parts",
                        "url": "/home/auto-part"
                    },
                    {
                        "text": "Home Technology",
                        "url": "/home/technology"
                    },
                    {
                        "text": "Home Organic",
                        "url": "/home/organic"
                    },
                    {
                        "text": "Home Marketplace V1",
                        "url": "/home/market-place"
                    },
                    {
                        "text": "Home Marketplace V2",
                        "url": "/home/market-place-2"
                    },
                    {
                        "text": "Home Marketplace V3",
                        "url": "/home/market-place-3"
                    },
                    {
                        "text": "Home Marketplace V4",
                        "url": "/home/market-place-4"
                    },
                    {
                        "text": "Home Electronic",
                        "url": "/home/electronic"
                    },
                    {
                        "text": "Home Furniture",
                        "url": "/home/furniture"
                    }
                ]
            },
            {
                "text": "Shop",
                "url": "/shop",
                "extraClass": "menu-item-has-children has-mega-menu",
                "subClass": "sub-menu",
                "mega": "true",
                "megaContent": [
                    {
                        "heading": "Catalog Pages",
                        "megaItems": [
                            {
                                "text": "Shop Default",
                                "url": "/shop"
                            },
                            {
                                "text": "Shop Fullwidth",
                                "url": "/shop/shop-fullwidth"
                            },
                            {
                                "text": "Shop Categories",
                                "url": "/shop/shop-categories"
                            },
                            {
                                "text": "Shop Sidebar",
                                "url": "/shop/shop-sidebar"
                            },
                            {
                                "text": "Shop Without Banner",
                                "url": "/shop/shop-sidebar-without-banner"
                            },
                            {
                                "text": "Shop Carousel",
                                "url": "/shop/shop-carousel"
                            }
                        ]
                    },
                    {
                        "heading": "Product Layout",
                        "megaItems": [
                            {
                                "text": "Default",
                                "url": "/product/3"
                            },
                            {
                                "text": "Extended",
                                "url": "/product/extended/7"
                            },
                            {
                                "text": "Full Content",
                                "url": "/product/full-content/7"
                            },
                            {
                                "text": "Boxed",
                                "url": "/product/boxed/7"
                            },
                            {
                                "text": "Sidebar",
                                "url": "/product/sidebar/7"
                            }
                        ]
                    },
                    {
                        "heading": "Product Types",
                        "megaItems": [
                            {
                                "text": "Simple",
                                "url": "/product/3"
                            },
                            {
                                "text": "Image swatches",
                                "url": "/product/image-swatches/11"
                            },
                            {
                                "text": "Countdown",
                                "url": "/product/countdown/10"
                            },
                            {
                                "text": "Affiliate",
                                "url": "/product/affiliate/7"
                            },
                            {
                                "text": "On sale",
                                "url": "/product/on-sale/7"
                            },
                            {
                                "text": "Grouped",
                                "url": "/product/groupped/22"
                            },
                            {
                                "text": "Out Of Stock",
                                "url": "/product/out-of-stock/7"
                            }
                        ]
                    },
                    {
                        "heading": "Ecomerce Pages",
                        "megaItems": [
                            {
                                "text": "Shopping Cart",
                                "url": "/account/shopping-cart"
                            },
                            {
                                "text": "Checkout",
                                "url": "/account/checkout"
                            },
                            {
                                "text": "Whishlist",
                                "url": "/account/wishlist"
                            },
                            {
                                "text": "Compare",
                                "url": "/account/compare"
                            },
                            {
                                "text": "Order Tracking",
                                "url": "/account/order-tracking"
                            },
                            {
                                "text": "My Account",
                                "url": "/account/login"
                            },
                            {
                                "text": "Login / Register",
                                "url": "/account/login"
                            }
                        ]
                    }
                ]
            },
            {
                "text": "Pages",
                "url": "",
                "extraClass": "menu-item-has-children has-mega-menu",
                "subClass": "sub-menu",
                "mega": "true",
                "megaContent": [
                    {
                        "heading": "Basic Page",
                        "megaItems": [
                            {
                                "text": "About Us",
                                "url": "/page/about-us"
                            },
                            {
                                "text": "Contact",
                                "url": "/page/contact-us"
                            },
                            {
                                "text": "Faqs",
                                "url": "/page/faqs"
                            },
                            {
                                "text": "404 Page",
                                "url": "/page/page-404"
                            }
                        ]
                    },
                    {
                        "heading": "Vendor Pages",
                        "megaItems": [
                            {
                                "text": "Become a Vendor",
                                "url": "/vendor/become-a-vendor"
                            },
                            {
                                "text": "Vendor Store",
                                "url": "/vendor/vendor-store"
                            },
                            {
                                "text": "Store List",
                                "url": "/stores"
                            }
                        ]
                    }
                ]
            },
            {
                "text": "Blogs",
                "url": "/blog",
                "current": "shop",
                "extraClass": "menu-item-has-children has-mega-menu",
                "subClass": "sub-menu",
                "mega": "true",
                "megaContent": [
                    {
                        "heading": "Blog Layout",
                        "megaItems": [
                            {
                                "text": "Grid",
                                "url": "/blog"
                            },
                            {
                                "text": "Small Thumb",
                                "url": "/blog/blog-small-thumbnail"
                            },
                            {
                                "text": "Left Sidebar",
                                "url": "/blog/blog-left-sidebar"
                            },
                            {
                                "text": "Right Sidebar",
                                "url": "/blog/blog-right-sidebar"
                            }
                        ]
                    },
                    {
                        "heading": "Single Blog",
                        "megaItems": [
                            {
                                "text": "Single 1",
                                "url": "/post/default"
                            },
                            {
                                "text": "Single 2",
                                "url": "/post/detail-2"
                            },
                            {
                                "text": "Single 3",
                                "url": "/post/detail-3"
                            }
                        ]
                    }
                ]
            }
        ]
    },
    "product_categories": [
        {
            "icon": "icon-star",
            "text": "Hot Promotions",
            "url": "/shop"
        },
        {
            "icon": "icon-laundry",
            "text": "Consumer Electronic",
            "url": "/shop",
            "extraClass": "menu-item-has-children has-mega-menu",
            "subClass": "sub-menu",
            "mega": true,
            "megaContent": [
                {
                    "heading": "Electronic",
                    "megaItems": [
                        {
                            "text": "Home Audio & Theathers",
                            "url": "/shop"
                        },
                        {
                            "text": "TV & Videos",
                            "url": "/shop"
                        },
                        {
                            "text": "Camera, Photos & Videos",
                            "url": "/shop"
                        },
                        {
                            "text": "Cellphones & Accessories",
                            "url": "/shop"
                        },
                        {
                            "text": "Headphones",
                            "url": "/shop"
                        },
                        {
                            "text": "Videosgames",
                            "url": "/shop"
                        },
                        {
                            "text": "Wireless Speakers",
                            "url": "/shop"
                        },
                        {
                            "text": "Office Electronic",
                            "url": "/shop"
                        }
                    ]
                },
                {
                    "heading": "Accessories & Parts",
                    "megaItems": [
                        {
                            "text": "Digital Cables",
                            "url": "/shop"
                        },
                        {
                            "text": "Audio & Video Cables",
                            "url": "/shop"
                        },
                        {
                            "text": "Batteries",
                            "url": "/shop"
                        }
                    ]
                }
            ]
        },
        {
            "icon": "icon-shirt",
            "text": "Clothing & Apparel",
            "url": "/shop"
        },
        {
            "icon": "icon-lampshade",
            "text": "Home, Garden & Kitchen",
            "url": "/shop"
        },
        {
            "icon": "icon-heart-pulse",
            "text": "Health & Beauty",
            "url": "/shop"
        },
        {
            "icon": "icon-diamond2",
            "text": "Yewelry & Watches",
            "url": "/shop"
        },
        {
            "icon": "icon-desktop",
            "text": "Computer & Technology",
            "url": "/shop",
            "extraClass": "menu-item-has-children has-mega-menu",
            "subClass": "sub-menu",
            "megaContent": [
                {
                    "heading": "Computer & Technologies",
                    "megaItems": [
                        {
                            "text": "Computer & Tablets",
                            "url": "/shop"
                        },
                        {
                            "text": "Laptop",
                            "url": "/shop"
                        },
                        {
                            "text": "Monitors",
                            "url": "/shop"
                        },
                        {
                            "text": "Networking",
                            "url": "/shop"
                        },
                        {
                            "text": "Drive & Storages",
                            "url": "/shop"
                        },
                        {
                            "text": "Computer Components",
                            "url": "/shop"
                        },
                        {
                            "text": "Security & Protection",
                            "url": "/shop"
                        },
                        {
                            "text": "Gaming Laptop",
                            "url": "/shop"
                        },
                        {
                            "text": "Accessories",
                            "url": "/shop"
                        }
                    ]
                }
            ]
        },
        {
            "icon": "icon-baby-bottle",
            "text": "Babies & Moms",
            "url": "/shop"
        },
        {
            "icon": "icon-baseball",
            "text": "Sport & Outdoor",
            "url": "/shop"
        },
        {
            "icon": "icon-smartphone",
            "text": "Phones & Accessories",
            "url": "/shop"
        },
        {
            "icon": "icon-book2",
            "text": "Books & Office",
            "url": "/shop"
        },
        {
            "icon": "icon-car-siren",
            "text": "Cars & Motocycles",
            "url": "/shop"
        },
        {
            "icon": "icon-wrench",
            "text": "Home Improments",
            "url": "/shop"
        },
        {
            "icon": "icon-tag",
            "text": "Vouchers & Services",
            "url": "/shop"
        }
    ]
}
